region_name,rev_per_kw,hr_per_yr_op,annualy_mntn_cost
Region #1,2431.143978068283,8736.0,0.6807978479853479
Region #2,1958.381153107533,6240.0,1.0089142628205128
Region #3,2423.915807965981,6240.0,0.9446756189213086
